-- phpMyAdmin SQL Dump
-- version 4.5.1
-- http://www.phpmyadmin.net
--
-- Host: 127.0.0.1
-- Generation Time: Sep 08, 2017 at 09:57 PM
-- Server version: 10.1.16-MariaDB
-- PHP Version: 7.0.9

SET SQL_MODE = "NO_AUTO_VALUE_ON_ZERO";
SET time_zone = "+00:00";


/*!40101 SET @OLD_CHARACTER_SET_CLIENT=@@CHARACTER_SET_CLIENT */;
/*!40101 SET @OLD_CHARACTER_SET_RESULTS=@@CHARACTER_SET_RESULTS */;
/*!40101 SET @OLD_COLLATION_CONNECTION=@@COLLATION_CONNECTION */;
/*!40101 SET NAMES utf8mb4 */;

--
-- Database: `hardwarestore`
--

-- --------------------------------------------------------

--
-- Table structure for table `admin_info`
--

CREATE TABLE `admin_info` (
  `adminID` int(11) NOT NULL,
  `adminName` varchar(40) COLLATE utf8_bin NOT NULL,
  `adminEmail` varchar(50) COLLATE utf8_bin NOT NULL,
  `adminContact` varchar(20) COLLATE utf8_bin NOT NULL,
  `adminAddress` text COLLATE utf8_bin NOT NULL,
  `adminUserID` varchar(30) COLLATE utf8_bin NOT NULL,
  `adminPassword` varchar(400) COLLATE utf8_bin NOT NULL,
  `adminStatus` int(2) NOT NULL DEFAULT '1' COMMENT '0=InActive, 1=Active',
  `admin_role_roleID` int(11) NOT NULL,
  `shop_info_shopID` int(11) NOT NULL,
  `adminNote` text COLLATE utf8_bin NOT NULL,
  `adminJoinDate` timestamp NOT NULL DEFAULT CURRENT_TIMESTAMP ON UPDATE CURRENT_TIMESTAMP,
  `adminUpdateDate` datetime NOT NULL
) ENGINE=InnoDB DEFAULT CHARSET=utf8 COLLATE=utf8_bin;

--
-- Dumping data for table `admin_info`
--

INSERT INTO `admin_info` (`adminID`, `adminName`, `adminEmail`, `adminContact`, `adminAddress`, `adminUserID`, `adminPassword`, `adminStatus`, `admin_role_roleID`, `shop_info_shopID`, `adminNote`, `adminJoinDate`, `adminUpdateDate`) VALUES
(1, 'SatrlabIT', 'starlabTeam@gmail.com', '01719450855', 'Zindabazar,Sylhet', 'starlabIT', 'd7ea52fb792bed01df7174c48605cf19', 1, 1, 1, '', '2017-02-14 17:06:16', '0000-00-00 00:00:00'),
(6, 'Excellent Store Keeper', 'storekeeper_excellent@starlabit.email', 'Rifat', 'Excellent 631ea72176464e6d2b8adda6c47a993a\n', 'stock', 'd7ea52fb792bed01df7174c48605cf19', 1, 3, 3, '', '2017-05-03 12:05:12', '0000-00-00 00:00:00'),
(7, 'admin admin', 'admin@excellent.com', '123456', 'address', 'StarLabIT1', 'd7ea52fb792bed01df7174c48605cf19', 1, 2, 3, '', '2017-03-22 12:27:38', '0000-00-00 00:00:00'),
(8, 'Mr. Rifat', 'rifat@jonota.com', '01727414166', 'Zindabazar', 'admin', 'd7ea52fb792bed01df7174c48605cf19', 1, 2, 3, '', '2017-06-30 19:24:59', '0000-00-00 00:00:00'),
(9, 'Excellent - 1 Manager', 'excellent1@starlabit.email', '123456', 'Zindabazar', 'manager', 'd7ea52fb792bed01df7174c48605cf19', 1, 4, 4, '', '2017-08-30 18:11:39', '2017-04-27 19:11:08'),
(10, 'Salim Shoes Manager', 'salimshoes@gmail.com', '12345678979654', 'Zindabazar, Sylhet', 'salim', 'd7ea52fb792bed01df7174c48605cf19', 1, 4, 5, '', '2017-08-30 18:11:27', '0000-00-00 00:00:00'),
(11, 'Excellent - 2 Manager', 'excellent2@starlab.email', '0123456789', 'Zindabazar', 'excellent2', '29ce822e8b7e51a318e382b0e34f4360', 1, 4, 6, '', '2017-04-27 13:09:18', '0000-00-00 00:00:00'),
(12, 'name', 'email@gmail.com', '2453557', 'address', 'userId', '5dbab745ca7dc1a1abb2e4352bdb0549', 1, 4, 4, '', '2017-08-03 16:29:52', '0000-00-00 00:00:00'),
(13, 'name', '', '2453557', '', 'manager1', '5dbab745ca7dc1a1abb2e4352bdb0549', 1, 4, 0, 'Note', '2017-08-31 21:52:18', '0000-00-00 00:00:00');

-- --------------------------------------------------------

--
-- Table structure for table `admin_role`
--

CREATE TABLE `admin_role` (
  `roleID` int(11) NOT NULL,
  `roleName` varchar(20) COLLATE utf8_bin NOT NULL
) ENGINE=InnoDB DEFAULT CHARSET=utf8 COLLATE=utf8_bin;

--
-- Dumping data for table `admin_role`
--

INSERT INTO `admin_role` (`roleID`, `roleName`) VALUES
(1, 'Super Admin'),
(2, 'Admin'),
(4, 'Manager');

-- --------------------------------------------------------

--
-- Table structure for table `client_address_info`
--

CREATE TABLE `client_address_info` (
  `clientAddressInfoId` int(11) NOT NULL,
  `client_info_clientID` int(11) NOT NULL,
  `clientAddressTitle` varchar(400) COLLATE utf8_bin NOT NULL,
  `clientAddress` text COLLATE utf8_bin NOT NULL,
  `clientAddressContact` varchar(20) COLLATE utf8_bin NOT NULL,
  `clientAddressType` int(2) NOT NULL DEFAULT '2' COMMENT '1=default, 2=optional',
  `clientAddressStatus` int(2) NOT NULL DEFAULT '1' COMMENT '1=Active, 2=Inactive'
) ENGINE=InnoDB DEFAULT CHARSET=utf8 COLLATE=utf8_bin;

--
-- Dumping data for table `client_address_info`
--

INSERT INTO `client_address_info` (`clientAddressInfoId`, `client_info_clientID`, `clientAddressTitle`, `clientAddress`, `clientAddressContact`, `clientAddressType`, `clientAddressStatus`) VALUES
(1, 1, 'Address Title', 'Address for customer', '01759846246', 1, 1),
(2, 2, 'Address Title', 'Address For Supplier', '32665787446', 1, 1),
(3, 3, 'Address Title', 'Address for 2nd cliend', '01759846269', 1, 1);

-- --------------------------------------------------------

--
-- Table structure for table `client_info`
--

CREATE TABLE `client_info` (
  `clientID` int(11) NOT NULL,
  `clientCompanyName` varchar(300) COLLATE utf8_bin NOT NULL,
  `clientContactName` varchar(100) COLLATE utf8_bin NOT NULL,
  `clientContactNumber` varchar(20) COLLATE utf8_bin NOT NULL,
  `businessStartedSince` date NOT NULL,
  `clientReference` varchar(300) COLLATE utf8_bin NOT NULL,
  `clientStatus` int(11) NOT NULL DEFAULT '1' COMMENT '0=inActive,1=Active',
  `clientType` int(2) NOT NULL DEFAULT '1' COMMENT '1=Customer, 2=Supplier',
  `clientBalance` double NOT NULL DEFAULT '0',
  `clientNote` text COLLATE utf8_bin NOT NULL,
  `clientAddedDate` datetime NOT NULL,
  `clientAddedBy` int(11) NOT NULL
) ENGINE=InnoDB DEFAULT CHARSET=utf8 COLLATE=utf8_bin;

--
-- Dumping data for table `client_info`
--

INSERT INTO `client_info` (`clientID`, `clientCompanyName`, `clientContactName`, `clientContactNumber`, `businessStartedSince`, `clientReference`, `clientStatus`, `clientType`, `clientBalance`, `clientNote`, `clientAddedDate`, `clientAddedBy`) VALUES
(1, '', 'Mr. Customer', '01759846246', '2017-09-08', 'testing', 1, 1, 0, 'no note . this field is only for kanthi ....', '2017-09-08 21:51:30', 9),
(2, '', 'Mr. Supplier', '32665787446', '2016-08-04', 'testing', 1, 2, 5000, 'This Field is only for kanthi', '2017-09-08 21:59:53', 9),
(3, '', 'Mr. Customer 2', '01759846269', '2016-10-04', 'testing', 1, 1, 1000, 'this field for kanthi only ', '2017-09-08 22:28:12', 9);

-- --------------------------------------------------------

--
-- Table structure for table `exchange_details`
--

CREATE TABLE `exchange_details` (
  `exchangeDetailsID` int(11) NOT NULL,
  `exchange_info_exchangeID` int(11) NOT NULL,
  `exchangeProductID` int(11) NOT NULL,
  `exchangeProductQuantity` int(11) NOT NULL,
  `exchangeProductType` int(11) NOT NULL COMMENT '1=return,2=new',
  `exchangeProductPrice` double NOT NULL
) ENGINE=InnoDB DEFAULT CHARSET=latin1;

-- --------------------------------------------------------

--
-- Table structure for table `exchange_info`
--

CREATE TABLE `exchange_info` (
  `exchangeID` int(11) NOT NULL,
  `sale_info_saleID` int(11) NOT NULL,
  `returnProductID` int(11) NOT NULL,
  `returnProductQuantity` int(11) NOT NULL,
  `returnProductPrice` double NOT NULL,
  `returnTotalPrice` double NOT NULL,
  `returnDate` timestamp NOT NULL DEFAULT CURRENT_TIMESTAMP ON UPDATE CURRENT_TIMESTAMP,
  `returnReceivedBy` int(11) NOT NULL,
  `shop_info_returnShopID` int(11) NOT NULL,
  `newProductID` int(11) NOT NULL,
  `newProductPrice` double NOT NULL,
  `newProductQuantity` int(11) NOT NULL,
  `newTotalPrice` double NOT NULL
) ENGINE=InnoDB DEFAULT CHARSET=utf8 COLLATE=utf8_bin;

-- --------------------------------------------------------

--
-- Table structure for table `expair_date`
--

CREATE TABLE `expair_date` (
  `expairDate` datetime NOT NULL
) ENGINE=InnoDB DEFAULT CHARSET=utf8 COLLATE=utf8_bin;

-- --------------------------------------------------------

--
-- Table structure for table `expense_field_info`
--

CREATE TABLE `expense_field_info` (
  `expenseFieldID` int(11) NOT NULL,
  `expenseFieldName` varchar(60) COLLATE utf8_bin NOT NULL,
  `expenseFieldDetails` varchar(60) COLLATE utf8_bin NOT NULL,
  `expenseFieldStatus` int(11) NOT NULL COMMENT '0=InActive,1=Active',
  `expenseFieldAddedDate` timestamp NOT NULL DEFAULT CURRENT_TIMESTAMP ON UPDATE CURRENT_TIMESTAMP
) ENGINE=InnoDB DEFAULT CHARSET=utf8 COLLATE=utf8_bin;

-- --------------------------------------------------------

--
-- Table structure for table `expense_info`
--

CREATE TABLE `expense_info` (
  `expenseID` int(11) NOT NULL,
  `expenceFieldID` int(11) NOT NULL,
  `expenceAmount` double NOT NULL,
  `expenceDate` timestamp NOT NULL DEFAULT CURRENT_TIMESTAMP ON UPDATE CURRENT_TIMESTAMP,
  `expenceReference` text COLLATE utf8_bin NOT NULL,
  `expenceEntryBy` int(11) NOT NULL,
  `shop_info_ExpenceShopID` int(11) NOT NULL
) ENGINE=InnoDB DEFAULT CHARSET=utf8 COLLATE=utf8_bin;

-- --------------------------------------------------------

--
-- Table structure for table `product_info`
--

CREATE TABLE `product_info` (
  `productId` int(11) NOT NULL,
  `productName` varchar(250) COLLATE utf8_bin NOT NULL,
  `productBarcode` varchar(250) COLLATE utf8_bin NOT NULL DEFAULT '',
  `productQuantity` int(11) NOT NULL DEFAULT '0',
  `productPurchasePrice` double NOT NULL,
  `productSalePrice` double NOT NULL,
  `productDetails` text COLLATE utf8_bin NOT NULL,
  `productUnitName` varchar(200) COLLATE utf8_bin NOT NULL,
  `productTotalCost` double NOT NULL DEFAULT '0',
  `productNote` text COLLATE utf8_bin NOT NULL,
  `product_type_info_productTypeID` int(11) NOT NULL,
  `supplier_info_productSupplierID` int(11) NOT NULL,
  `productSaleCounter` int(11) NOT NULL DEFAULT '0',
  `productStatus` int(2) NOT NULL DEFAULT '1' COMMENT '0=InActive,1=Active',
  `productCommission` double NOT NULL,
  `admin_info_productAdminID` int(11) NOT NULL,
  `productAddedDate` datetime NOT NULL,
  `productUpdatedDate` timestamp NOT NULL DEFAULT CURRENT_TIMESTAMP ON UPDATE CURRENT_TIMESTAMP,
  `productUpdatedBy` int(11) NOT NULL,
  `productVat` double NOT NULL,
  `productDiscountAmount` double NOT NULL,
  `productDiscountAddedDate` datetime NOT NULL,
  `productDiscountEndDate` datetime NOT NULL
) ENGINE=InnoDB DEFAULT CHARSET=utf8 COLLATE=utf8_bin;

--
-- Dumping data for table `product_info`
--

INSERT INTO `product_info` (`productId`, `productName`, `productBarcode`, `productQuantity`, `productPurchasePrice`, `productSalePrice`, `productDetails`, `productUnitName`, `productTotalCost`, `productNote`, `product_type_info_productTypeID`, `supplier_info_productSupplierID`, `productSaleCounter`, `productStatus`, `productCommission`, `admin_info_productAdminID`, `productAddedDate`, `productUpdatedDate`, `productUpdatedBy`, `productVat`, `productDiscountAmount`, `productDiscountAddedDate`, `productDiscountEndDate`) VALUES
(1, 'new product', '', 0, 0, 1500, 'product description', 'kg', 0, 'note for product. ', 0, 0, 0, 1, 0, 0, '2017-09-09 01:42:07', '2017-09-08 19:42:07', 0, 0, 0, '0000-00-00 00:00:00', '0000-00-00 00:00:00');

-- --------------------------------------------------------

--
-- Table structure for table `product_type_info`
--

CREATE TABLE `product_type_info` (
  `productTypeID` int(11) NOT NULL,
  `productTypeName` varchar(60) COLLATE utf8_bin NOT NULL,
  `productTypeDetails` text COLLATE utf8_bin NOT NULL,
  `productTypeStatus` int(11) NOT NULL DEFAULT '1' COMMENT '0=InActive, 1=Active',
  `productTypeAddedDate` datetime NOT NULL
) ENGINE=InnoDB DEFAULT CHARSET=utf8 COLLATE=utf8_bin;

--
-- Dumping data for table `product_type_info`
--

INSERT INTO `product_type_info` (`productTypeID`, `productTypeName`, `productTypeDetails`, `productTypeStatus`, `productTypeAddedDate`) VALUES
(1, 'Type-1', 'Product type details', 1, '2017-09-08 22:23:03');

-- --------------------------------------------------------

--
-- Table structure for table `product_update_info`
--

CREATE TABLE `product_update_info` (
  `productUpdateID` int(11) NOT NULL,
  `productUpdateDate` timestamp NOT NULL DEFAULT CURRENT_TIMESTAMP ON UPDATE CURRENT_TIMESTAMP,
  `product_info_updatedProductID` int(11) NOT NULL,
  `productUpdatedQuantity` int(11) NOT NULL,
  `admin_info_productUpdatedBy` int(11) NOT NULL
) ENGINE=InnoDB DEFAULT CHARSET=utf8 COLLATE=utf8_bin;

-- --------------------------------------------------------

--
-- Table structure for table `sale_details`
--

CREATE TABLE `sale_details` (
  `saleDetailsID` int(11) NOT NULL,
  `sale_info_saleID` int(11) NOT NULL,
  `shop_info_shopID` int(11) NOT NULL,
  `product_info_saleProductID` int(11) NOT NULL,
  `saleProductQuantity` int(11) NOT NULL,
  `mainPrice` double NOT NULL,
  `salePrice` double NOT NULL
) ENGINE=InnoDB DEFAULT CHARSET=utf8 COLLATE=utf8_bin;

-- --------------------------------------------------------

--
-- Table structure for table `sale_info`
--

CREATE TABLE `sale_info` (
  `saleID` int(11) NOT NULL,
  `saleTotalAmount` double NOT NULL,
  `saleTotalDiscount` double NOT NULL,
  `saleTotalVat` double NOT NULL DEFAULT '0',
  `saleDate` timestamp NOT NULL DEFAULT CURRENT_TIMESTAMP ON UPDATE CURRENT_TIMESTAMP,
  `saleType` int(11) NOT NULL DEFAULT '1' COMMENT '1=sale,2=exchange',
  `paymentType` int(11) NOT NULL DEFAULT '1' COMMENT '1=cash,2=card',
  `receivedTotal` double NOT NULL,
  `entryBy` int(11) NOT NULL,
  `shop_info_saleShopID` int(11) NOT NULL,
  `salesman_info_salesmanID` int(11) NOT NULL,
  `salesmanTotalCommission` double NOT NULL
) ENGINE=InnoDB DEFAULT CHARSET=utf8 COLLATE=utf8_bin;

-- --------------------------------------------------------

--
-- Table structure for table `shop_info`
--

CREATE TABLE `shop_info` (
  `shopID` int(11) NOT NULL,
  `shopTitle` varchar(40) COLLATE utf8_bin NOT NULL,
  `shopAddress` text COLLATE utf8_bin NOT NULL,
  `shopStatus` int(11) NOT NULL COMMENT '0=InActive,1=Active',
  `shopAddedDate` timestamp NOT NULL DEFAULT CURRENT_TIMESTAMP ON UPDATE CURRENT_TIMESTAMP
) ENGINE=InnoDB DEFAULT CHARSET=utf8 COLLATE=utf8_bin;

-- --------------------------------------------------------

--
-- Table structure for table `transection_info`
--

CREATE TABLE `transection_info` (
  `transectionID` int(11) NOT NULL,
  `transectionTotalAmount` double NOT NULL,
  `transectionType` int(11) NOT NULL DEFAULT '1' COMMENT '1=sale,2=expense,3=exchange',
  `transectionReferenceID` int(11) NOT NULL COMMENT 'billID,expenceID,exchangeID,',
  `transectionDetails` text COLLATE utf8_bin NOT NULL,
  `transectionBy` int(11) NOT NULL,
  `transectionDate` timestamp NOT NULL DEFAULT CURRENT_TIMESTAMP ON UPDATE CURRENT_TIMESTAMP,
  `shop_info_transectionShopID` int(11) NOT NULL
) ENGINE=InnoDB DEFAULT CHARSET=utf8 COLLATE=utf8_bin;

--
-- Indexes for dumped tables
--

--
-- Indexes for table `admin_info`
--
ALTER TABLE `admin_info`
  ADD PRIMARY KEY (`adminID`),
  ADD UNIQUE KEY `adminUserID` (`adminUserID`);

--
-- Indexes for table `admin_role`
--
ALTER TABLE `admin_role`
  ADD PRIMARY KEY (`roleID`);

--
-- Indexes for table `client_address_info`
--
ALTER TABLE `client_address_info`
  ADD PRIMARY KEY (`clientAddressInfoId`);

--
-- Indexes for table `client_info`
--
ALTER TABLE `client_info`
  ADD PRIMARY KEY (`clientID`),
  ADD UNIQUE KEY `clientContactNumber` (`clientContactNumber`);

--
-- Indexes for table `exchange_details`
--
ALTER TABLE `exchange_details`
  ADD PRIMARY KEY (`exchangeDetailsID`);

--
-- Indexes for table `exchange_info`
--
ALTER TABLE `exchange_info`
  ADD PRIMARY KEY (`exchangeID`);

--
-- Indexes for table `expense_field_info`
--
ALTER TABLE `expense_field_info`
  ADD PRIMARY KEY (`expenseFieldID`);

--
-- Indexes for table `expense_info`
--
ALTER TABLE `expense_info`
  ADD PRIMARY KEY (`expenseID`);

--
-- Indexes for table `product_info`
--
ALTER TABLE `product_info`
  ADD PRIMARY KEY (`productId`),
  ADD UNIQUE KEY `productBarcode` (`productBarcode`),
  ADD UNIQUE KEY `productName` (`productName`);

--
-- Indexes for table `product_type_info`
--
ALTER TABLE `product_type_info`
  ADD PRIMARY KEY (`productTypeID`);

--
-- Indexes for table `product_update_info`
--
ALTER TABLE `product_update_info`
  ADD PRIMARY KEY (`productUpdateID`);

--
-- Indexes for table `sale_details`
--
ALTER TABLE `sale_details`
  ADD PRIMARY KEY (`saleDetailsID`);

--
-- Indexes for table `sale_info`
--
ALTER TABLE `sale_info`
  ADD PRIMARY KEY (`saleID`),
  ADD UNIQUE KEY `saleDate` (`saleDate`);

--
-- Indexes for table `shop_info`
--
ALTER TABLE `shop_info`
  ADD PRIMARY KEY (`shopID`);

--
-- Indexes for table `transection_info`
--
ALTER TABLE `transection_info`
  ADD PRIMARY KEY (`transectionID`);

--
-- AUTO_INCREMENT for dumped tables
--

--
-- AUTO_INCREMENT for table `admin_info`
--
ALTER TABLE `admin_info`
  MODIFY `adminID` int(11) NOT NULL AUTO_INCREMENT, AUTO_INCREMENT=14;
--
-- AUTO_INCREMENT for table `admin_role`
--
ALTER TABLE `admin_role`
  MODIFY `roleID` int(11) NOT NULL AUTO_INCREMENT, AUTO_INCREMENT=5;
--
-- AUTO_INCREMENT for table `client_address_info`
--
ALTER TABLE `client_address_info`
  MODIFY `clientAddressInfoId` int(11) NOT NULL AUTO_INCREMENT, AUTO_INCREMENT=4;
--
-- AUTO_INCREMENT for table `client_info`
--
ALTER TABLE `client_info`
  MODIFY `clientID` int(11) NOT NULL AUTO_INCREMENT, AUTO_INCREMENT=4;
--
-- AUTO_INCREMENT for table `exchange_details`
--
ALTER TABLE `exchange_details`
  MODIFY `exchangeDetailsID` int(11) NOT NULL AUTO_INCREMENT;
--
-- AUTO_INCREMENT for table `exchange_info`
--
ALTER TABLE `exchange_info`
  MODIFY `exchangeID` int(11) NOT NULL AUTO_INCREMENT;
--
-- AUTO_INCREMENT for table `expense_field_info`
--
ALTER TABLE `expense_field_info`
  MODIFY `expenseFieldID` int(11) NOT NULL AUTO_INCREMENT;
--
-- AUTO_INCREMENT for table `expense_info`
--
ALTER TABLE `expense_info`
  MODIFY `expenseID` int(11) NOT NULL AUTO_INCREMENT;
--
-- AUTO_INCREMENT for table `product_info`
--
ALTER TABLE `product_info`
  MODIFY `productId` int(11) NOT NULL AUTO_INCREMENT, AUTO_INCREMENT=2;
--
-- AUTO_INCREMENT for table `product_type_info`
--
ALTER TABLE `product_type_info`
  MODIFY `productTypeID` int(11) NOT NULL AUTO_INCREMENT, AUTO_INCREMENT=2;
--
-- AUTO_INCREMENT for table `product_update_info`
--
ALTER TABLE `product_update_info`
  MODIFY `productUpdateID` int(11) NOT NULL AUTO_INCREMENT;
--
-- AUTO_INCREMENT for table `sale_details`
--
ALTER TABLE `sale_details`
  MODIFY `saleDetailsID` int(11) NOT NULL AUTO_INCREMENT;
--
-- AUTO_INCREMENT for table `sale_info`
--
ALTER TABLE `sale_info`
  MODIFY `saleID` int(11) NOT NULL AUTO_INCREMENT;
--
-- AUTO_INCREMENT for table `shop_info`
--
ALTER TABLE `shop_info`
  MODIFY `shopID` int(11) NOT NULL AUTO_INCREMENT;
--
-- AUTO_INCREMENT for table `transection_info`
--
ALTER TABLE `transection_info`
  MODIFY `transectionID` int(11) NOT NULL AUTO_INCREMENT;
/*!40101 SET CHARACTER_SET_CLIENT=@OLD_CHARACTER_SET_CLIENT */;
/*!40101 SET CHARACTER_SET_RESULTS=@OLD_CHARACTER_SET_RESULTS */;
/*!40101 SET COLLATION_CONNECTION=@OLD_COLLATION_CONNECTION */;
